,pageNumber,pageSize,previousPage,nextPage,pages,total,data,id,name,iso3,iso2,longitude,latitude
0,2,100,https://population.un.org/dataportalapi/api/v1/locations/?pageNumber=1&pageSize=100,https://population.un.org/dataportalapi/api/v1/locations/?pageNumber=3&pageSize=100,3,298,"{'id': 384, 'name': ""Côte d'Ivoire"", 'iso3': 'CIV', 'iso2': 'CI', 'longitude': -5.547080039978027, 'latitude': 7.539988994598389}",384,Côte d'Ivoire,CIV,CI,-5.547080039978027,7.539988994598389
1,2,100,https://population.un.org/dataportalapi/api/v1/locations/?pageNumber=1&pageSize=100,https://population.un.org/dataportalapi/api/v1/locations/?pageNumber=3&pageSize=100,3,298,"{'id': 388, 'name': 'Jamaica', 'iso3': 'JAM', 'iso2': 'JM', 'longitude': -77.2975082397461, 'latitude': 18.109580993652344}",388,Jamaica,JAM,JM,-77.2975082397461,18.109580993652344
2,2,100,https://population.un.org/dataportalapi/api/v1/locations/?pageNumber=1&pageSize=100,https://population.un.org/dataportalapi/api/v1/locations/?pageNumber=3&pageSize=100,3,298,"{'id': 392, 'name': 'Japan', 'iso3': 'JPN', 'iso2': 'JP', 'longitude': 138.2529296875, 'latitude': 36.2048225402832}",392,Japan,JPN,JP,138.2529296875,36.2048225402832
3,2,100,https://population.un.org/dataportalapi/api/v1/locations/?pageNumber=1&pageSize=100,https://population.un.org/dataportalapi/api/v1/locations/?pageNumber=3&pageSize=100,3,298,"{'id': 398, 'name': 'Kazakhstan', 'iso3': 'KAZ', 'iso2': 'KZ', 'longitude': 66.9236831665039, 'latitude': 48.01957321166992}",398,Kazakhstan,KAZ,KZ,66.9236831665039,48.01957321166992
4,2,100,https://population.un.org/dataportalapi/api/v1/locations/?pageNumber=1&pageSize=100,https://population.un.org/dataportalapi/api/v1/locations/?pageNumber=3&pageSize=100,3,298,"{'id': 400, 'name': 'Jordan', 'iso3': 'JOR', 'iso2': 'JO', 'longitude': 36.2384147644043, 'latitude': 30.58516311645508}",400,Jordan,JOR,JO,36.2384147644043,30.58516311645508
5,2,100,https://population.un.org/dataportalapi/api/v1/locations/?pageNumber=1&pageSize=100,https://population.un.org/dataportalapi/api/v1/locations/?pageNumber=3&pageSize=100,3,298,"{'id': 404, 'name': 'Kenya', 'iso3': 'KEN', 'iso2': 'KE', 'longitude': 37.906192779541016, 'latitude': -0.023559000343084335}",404,Kenya,KEN,KE,37.906192779541016,-0.023559000343084335
6,2,100,https://population.un.org/dataportalapi/api/v1/locations/?pageNumber=1&pageSize=100,https://population.un.org/dataportalapi/api/v1/locations/?pageNumber=3&pageSize=100,3,298,"{'id': 408, 'name': ""Dem. People's Rep. of Korea"", 'iso3': 'PRK', 'iso2': 'KP', 'longitude': 127.51009368896484, 'latitude': 40.33985137939453}",408,Dem. People's Rep. of Korea,PRK,KP,127.51009368896484,40.33985137939453
7,2,100,https://population.un.org/dataportalapi/api/v1/locations/?pageNumber=1&pageSize=100,https://population.un.org/dataportalapi/api/v1/locations/?pageNumber=3&pageSize=100,3,298,"{'id': 410, 'name': 'Republic of Korea', 'iso3': 'KOR', 'iso2': 'KR', 'longitude': 127.76692199707033, 'latitude': 35.90775680541992}",410,Republic of Korea,KOR,KR,127.76692199707033,35.90775680541992
8,2,100,https://population.un.org/dataportalapi/api/v1/locations/?pageNumber=1&pageSize=100,https://population.un.org/dataportalapi/api/v1/locations/?pageNumber=3&pageSize=100,3,298,"{'id': 412, 'name': 'Kosovo (under UNSC res. 1244)', 'iso3': 'XKX', 'iso2': 'XK', 'longitude': None, 'latitude': None}",412,Kosovo (under UNSC res. 1244),XKX,XK,,
9,2,100,https://population.un.org/dataportalapi/api/v1/locations/?pageNumber=1&pageSize=100,https://population.un.org/dataportalapi/api/v1/locations/?pageNumber=3&pageSize=100,3,298,"{'id': 414, 'name': 'Kuwait', 'iso3': 'KWT', 'iso2': 'KW', 'longitude': 47.48176574707031, 'latitude': 29.31166076660156}",414,Kuwait,KWT,KW,47.48176574707031,29.31166076660156
10,2,100,https://population.un.org/dataportalapi/api/v1/locations/?pageNumber=1&pageSize=100,https://population.un.org/dataportalapi/api/v1/locations/?pageNumber=3&pageSize=100,3,298,"{'id': 417, 'name': 'Kyrgyzstan', 'iso3': 'KGZ', 'iso2': 'KG', 'longitude': 74.76609802246094, 'latitude': 41.20438003540039}",417,Kyrgyzstan,KGZ,KG,74.76609802246094,41.20438003540039
11,2,100,https://population.un.org/dataportalapi/api/v1/locations/?pageNumber=1&pageSize=100,https://population.un.org/dataportalapi/api/v1/locations/?pageNumber=3&pageSize=100,3,298,"{'id': 418, 'name': ""Lao People's Dem. Republic"", 'iso3': 'LAO', 'iso2': 'LA', 'longitude': 102.49549865722656, 'latitude': 19.85626983642578}",418,Lao People's Dem. Republic,LAO,LA,102.49549865722656,19.85626983642578
12,2,100,https://population.un.org/dataportalapi/api/v1/locations/?pageNumber=1&pageSize=100,https://population.un.org/dataportalapi/api/v1/locations/?pageNumber=3&pageSize=100,3,298,"{'id': 422, 'name': 'Lebanon', 'iso3': 'LBN', 'iso2': 'LB', 'longitude': 35.86228561401367, 'latitude': 33.85472106933594}",422,Lebanon,LBN,LB,35.86228561401367,33.85472106933594
13,2,100,https://population.un.org/dataportalapi/api/v1/locations/?pageNumber=1&pageSize=100,https://population.un.org/dataportalapi/api/v1/locations/?pageNumber=3&pageSize=100,3,298,"{'id': 426, 'name': 'Lesotho', 'iso3': 'LSO', 'iso2': 'LS', 'longitude': 28.23360824584961, 'latitude': -29.609987258911133}",426,Lesotho,LSO,LS,28.23360824584961,-29.609987258911133
14,2,100,https://population.un.org/dataportalapi/api/v1/locations/?pageNumber=1&pageSize=100,https://population.un.org/dataportalapi/api/v1/locations/?pageNumber=3&pageSize=100,3,298,"{'id': 428, 'name': 'Latvia', 'iso3': 'LVA', 'iso2': 'LV', 'longitude': 24.60318946838379, 'latitude': 56.879634857177734}",428,Latvia,LVA,LV,24.60318946838379,56.879634857177734
15,2,100,https://population.un.org/dataportalapi/api/v1/locations/?pageNumber=1&pageSize=100,https://population.un.org/dataportalapi/api/v1/locations/?pageNumber=3&pageSize=100,3,298,"{'id': 430, 'name': 'Liberia', 'iso3': 'LBR', 'iso2': 'LR', 'longitude': -9.429498672485352, 'latitude': 6.4280548095703125}",430,Liberia,LBR,LR,-9.429498672485352,6.4280548095703125
16,2,100,https://population.un.org/dataportalapi/api/v1/locations/?pageNumber=1&pageSize=100,https://population.un.org/dataportalapi/api/v1/locations/?pageNumber=3&pageSize=100,3,298,"{'id': 434, 'name': 'Libya', 'iso3': 'LBY', 'iso2': 'LY', 'longitude': 17.228330612182617, 'latitude': 26.335100173950195}",434,Libya,LBY,LY,17.228330612182617,26.335100173950195
17,2,100,https://population.un.org/dataportalapi/api/v1/locations/?pageNumber=1&pageSize=100,https://population.un.org/dataportalapi/api/v1/locations/?pageNumber=3&pageSize=100,3,298,"{'id': 438, 'name': 'Liechtenstein', 'iso3': 'LIE', 'iso2': 'LI', 'longitude': 9.555373191833496, 'latitude': 47.16600036621094}",438,Liechtenstein,LIE,LI,9.555373191833496,47.16600036621094
18,2,100,https://population.un.org/dataportalapi/api/v1/locations/?pageNumber=1&pageSize=100,https://population.un.org/dataportalapi/api/v1/locations/?pageNumber=3&pageSize=100,3,298,"{'id': 440, 'name': 'Lithuania', 'iso3': 'LTU', 'iso2': 'LT', 'longitude': 23.881275177001953, 'latitude': 55.169437408447266}",440,Lithuania,LTU,LT,23.881275177001953,55.169437408447266
19,2,100,https://population.un.org/dataportalapi/api/v1/locations/?pageNumber=1&pageSize=100,https://population.un.org/dataportalapi/api/v1/locations/?pageNumber=3&pageSize=100,3,298,"{'id': 442, 'name': 'Luxembourg', 'iso3': 'LUX', 'iso2': 'LU', 'longitude': 6.12958288192749, 'latitude': 49.81527328491211}",442,Luxembourg,LUX,LU,6.12958288192749,49.81527328491211
20,2,100,https://population.un.org/dataportalapi/api/v1/locations/?pageNumber=1&pageSize=100,https://population.un.org/dataportalapi/api/v1/locations/?pageNumber=3&pageSize=100,3,298,"{'id': 446, 'name': 'China, Macao SAR', 'iso3': 'MAC', 'iso2': 'MO', 'longitude': 113.54387664794922, 'latitude': 22.198745727539062}",446,"China, Macao SAR",MAC,MO,113.54387664794922,22.198745727539062
21,2,100,https://population.un.org/dataportalapi/api/v1/locations/?pageNumber=1&pageSize=100,https://population.un.org/dataportalapi/api/v1/locations/?pageNumber=3&pageSize=100,3,298,"{'id': 450, 'name': 'Madagascar', 'iso3': 'MDG', 'iso2': 'MG', 'longitude': 46.86910629272461, 'latitude': -18.76694679260254}",450,Madagascar,MDG,MG,46.86910629272461,-18.76694679260254
22,2,100,https://population.un.org/dataportalapi/api/v1/locations/?pageNumber=1&pageSize=100,https://population.un.org/dataportalapi/api/v1/locations/?pageNumber=3&pageSize=100,3,298,"{'id': 454, 'name': 'Malawi', 'iso3': 'MWI', 'iso2': 'MW', 'longitude': 34.3015251159668, 'latitude': -13.254307746887209}",454,Malawi,MWI,MW,34.3015251159668,-13.254307746887209
23,2,100,https://population.un.org/dataportalapi/api/v1/locations/?pageNumber=1&pageSize=100,https://population.un.org/dataportalapi/api/v1/locations/?pageNumber=3&pageSize=100,3,298,"{'id': 458, 'name': 'Malaysia', 'iso3': 'MYS', 'iso2': 'MY', 'longitude': 101.97576904296876, 'latitude': 4.210484027862549}",458,Malaysia,MYS,MY,101.97576904296876,4.210484027862549
24,2,100,https://population.un.org/dataportalapi/api/v1/locations/?pageNumber=1&pageSize=100,https://population.un.org/dataportalapi/api/v1/locations/?pageNumber=3&pageSize=100,3,298,"{'id': 462, 'name': 'Maldives', 'iso3': 'MDV', 'iso2': 'MV', 'longitude': 73.5361099243164, 'latitude': 1.977246880531311}",462,Maldives,MDV,MV,73.5361099243164,1.977246880531311
25,2,100,https://population.un.org/dataportalapi/api/v1/locations/?pageNumber=1&pageSize=100,https://population.un.org/dataportalapi/api/v1/locations/?pageNumber=3&pageSize=100,3,298,"{'id': 466, 'name': 'Mali', 'iso3': 'MLI', 'iso2': 'ML', 'longitude': -3.996165990829468, 'latitude': 17.57069206237793}",466,Mali,MLI,ML,-3.996165990829468,17.57069206237793
26,2,100,https://population.un.org/dataportalapi/api/v1/locations/?pageNumber=1&pageSize=100,https://population.un.org/dataportalapi/api/v1/locations/?pageNumber=3&pageSize=100,3,298,"{'id': 470, 'name': 'Malta', 'iso3': 'MLT', 'iso2': 'MT', 'longitude': 14.375415802001951, 'latitude': 35.937496185302734}",470,Malta,MLT,MT,14.375415802001951,35.937496185302734
27,2,100,https://population.un.org/dataportalapi/api/v1/locations/?pageNumber=1&pageSize=100,https://population.un.org/dataportalapi/api/v1/locations/?pageNumber=3&pageSize=100,3,298,"{'id': 474, 'name': 'Martinique', 'iso3': 'MTQ', 'iso2': 'MQ', 'longitude': -61.02442, 'latitude': 14.63115}",474,Martinique,MTQ,MQ,-61.02442,14.63115
28,2,100,https://population.un.org/dataportalapi/api/v1/locations/?pageNumber=1&pageSize=100,https://population.un.org/dataportalapi/api/v1/locations/?pageNumber=3&pageSize=100,3,298,"{'id': 478, 'name': 'Mauritania', 'iso3': 'MRT', 'iso2': 'MR', 'longitude': -10.940834999084473, 'latitude': 21.007890701293945}",478,Mauritania,MRT,MR,-10.940834999084473,21.007890701293945
29,2,100,https://population.un.org/dataportalapi/api/v1/locations/?pageNumber=1&pageSize=100,https://population.un.org/dataportalapi/api/v1/locations/?pageNumber=3&pageSize=100,3,298,"{'id': 480, 'name': 'Mauritius', 'iso3': 'MUS', 'iso2': 'MU', 'longitude': 57.55215072631836, 'latitude': -20.348403930664062}",480,Mauritius,MUS,MU,57.55215072631836,-20.348403930664062
30,2,100,https://population.un.org/dataportalapi/api/v1/locations/?pageNumber=1&pageSize=100,https://population.un.org/dataportalapi/api/v1/locations/?pageNumber=3&pageSize=100,3,298,"{'id': 484, 'name': 'Mexico', 'iso3': 'MEX', 'iso2': 'MX', 'longitude': -102.55278778076172, 'latitude': 23.63450050354004}",484,Mexico,MEX,MX,-102.55278778076172,23.63450050354004
31,2,100,https://population.un.org/dataportalapi/api/v1/locations/?pageNumber=1&pageSize=100,https://population.un.org/dataportalapi/api/v1/locations/?pageNumber=3&pageSize=100,3,298,"{'id': 492, 'name': 'Monaco', 'iso3': 'MCO', 'iso2': 'MC', 'longitude': 7.424615859985352, 'latitude': 43.73841857910156}",492,Monaco,MCO,MC,7.424615859985352,43.73841857910156
32,2,100,https://population.un.org/dataportalapi/api/v1/locations/?pageNumber=1&pageSize=100,https://population.un.org/dataportalapi/api/v1/locations/?pageNumber=3&pageSize=100,3,298,"{'id': 496, 'name': 'Mongolia', 'iso3': 'MNG', 'iso2': 'MN', 'longitude': 103.8466567993164, 'latitude': 46.86249542236328}",496,Mongolia,MNG,MN,103.8466567993164,46.86249542236328
33,2,100,https://population.un.org/dataportalapi/api/v1/locations/?pageNumber=1&pageSize=100,https://population.un.org/dataportalapi/api/v1/locations/?pageNumber=3&pageSize=100,3,298,"{'id': 498, 'name': 'Republic of Moldova', 'iso3': 'MDA', 'iso2': 'MD', 'longitude': 28.369884490966797, 'latitude': 47.4116325378418}",498,Republic of Moldova,MDA,MD,28.369884490966797,47.4116325378418
34,2,100,https://population.un.org/dataportalapi/api/v1/locations/?pageNumber=1&pageSize=100,https://population.un.org/dataportalapi/api/v1/locations/?pageNumber=3&pageSize=100,3,298,"{'id': 499, 'name': 'Montenegro', 'iso3': 'MNE', 'iso2': 'ME', 'longitude': 19.3743896484375, 'latitude': 42.70867919921875}",499,Montenegro,MNE,ME,19.3743896484375,42.70867919921875
35,2,100,https://population.un.org/dataportalapi/api/v1/locations/?pageNumber=1&pageSize=100,https://population.un.org/dataportalapi/api/v1/locations/?pageNumber=3&pageSize=100,3,298,"{'id': 500, 'name': 'Montserrat', 'iso3': 'MSR', 'iso2': 'MS', 'longitude': -62.1873664855957, 'latitude': 16.74249839782715}",500,Montserrat,MSR,MS,-62.1873664855957,16.74249839782715
36,2,100,https://population.un.org/dataportalapi/api/v1/locations/?pageNumber=1&pageSize=100,https://population.un.org/dataportalapi/api/v1/locations/?pageNumber=3&pageSize=100,3,298,"{'id': 504, 'name': 'Morocco', 'iso3': 'MAR', 'iso2': 'MA', 'longitude': -7.092619895935059, 'latitude': 31.791702270507812}",504,Morocco,MAR,MA,-7.092619895935059,31.791702270507812
37,2,100,https://population.un.org/dataportalapi/api/v1/locations/?pageNumber=1&pageSize=100,https://population.un.org/dataportalapi/api/v1/locations/?pageNumber=3&pageSize=100,3,298,"{'id': 508, 'name': 'Mozambique', 'iso3': 'MOZ', 'iso2': 'MZ', 'longitude': 35.529563903808594, 'latitude': -18.665695190429688}",508,Mozambique,MOZ,MZ,35.529563903808594,-18.665695190429688
38,2,100,https://population.un.org/dataportalapi/api/v1/locations/?pageNumber=1&pageSize=100,https://population.un.org/dataportalapi/api/v1/locations/?pageNumber=3&pageSize=100,3,298,"{'id': 512, 'name': 'Oman', 'iso3': 'OMN', 'iso2': 'OM', 'longitude': 55.92325592041016, 'latitude': 21.512582778930664}",512,Oman,OMN,OM,55.92325592041016,21.512582778930664
39,2,100,https://population.un.org/dataportalapi/api/v1/locations/?pageNumber=1&pageSize=100,https://population.un.org/dataportalapi/api/v1/locations/?pageNumber=3&pageSize=100,3,298,"{'id': 516, 'name': 'Namibia', 'iso3': 'NAM', 'iso2': 'NA', 'longitude': 18.49040985107422, 'latitude': -22.957639694213867}",516,Namibia,NAM,NA,18.49040985107422,-22.957639694213867
40,2,100,https://population.un.org/dataportalapi/api/v1/locations/?pageNumber=1&pageSize=100,https://population.un.org/dataportalapi/api/v1/locations/?pageNumber=3&pageSize=100,3,298,"{'id': 520, 'name': 'Nauru', 'iso3': 'NRU', 'iso2': 'NR', 'longitude': 166.93150329589844, 'latitude': -0.5227779746055603}",520,Nauru,NRU,NR,166.93150329589844,-0.5227779746055603
41,2,100,https://population.un.org/dataportalapi/api/v1/locations/?pageNumber=1&pageSize=100,https://population.un.org/dataportalapi/api/v1/locations/?pageNumber=3&pageSize=100,3,298,"{'id': 524, 'name': 'Nepal', 'iso3': 'NPL', 'iso2': 'NP', 'longitude': 84.12400817871094, 'latitude': 28.39485740661621}",524,Nepal,NPL,NP,84.12400817871094,28.39485740661621
42,2,100,https://population.un.org/dataportalapi/api/v1/locations/?pageNumber=1&pageSize=100,https://population.un.org/dataportalapi/api/v1/locations/?pageNumber=3&pageSize=100,3,298,"{'id': 528, 'name': 'Netherlands', 'iso3': 'NLD', 'iso2': 'NL', 'longitude': 5.291265964508057, 'latitude': 52.13263320922851}",528,Netherlands,NLD,NL,5.291265964508057,52.13263320922851
43,2,100,https://population.un.org/dataportalapi/api/v1/locations/?pageNumber=1&pageSize=100,https://population.un.org/dataportalapi/api/v1/locations/?pageNumber=3&pageSize=100,3,298,"{'id': 531, 'name': 'Curaçao', 'iso3': 'CUW', 'iso2': 'CW', 'longitude': -68.99002075195312, 'latitude': 12.169569969177246}",531,Curaçao,CUW,CW,-68.99002075195312,12.169569969177246
44,2,100,https://population.un.org/dataportalapi/api/v1/locations/?pageNumber=1&pageSize=100,https://population.un.org/dataportalapi/api/v1/locations/?pageNumber=3&pageSize=100,3,298,"{'id': 533, 'name': 'Aruba', 'iso3': 'ABW', 'iso2': 'AW', 'longitude': -69.96833801269531, 'latitude': 12.521109580993652}",533,Aruba,ABW,AW,-69.96833801269531,12.521109580993652
45,2,100,https://population.un.org/dataportalapi/api/v1/locations/?pageNumber=1&pageSize=100,https://population.un.org/dataportalapi/api/v1/locations/?pageNumber=3&pageSize=100,3,298,"{'id': 534, 'name': 'Sint Maarten (Dutch part)', 'iso3': 'SXM', 'iso2': 'SX', 'longitude': -63.054828643798835, 'latitude': 18.04248046875}",534,Sint Maarten (Dutch part),SXM,SX,-63.054828643798835,18.04248046875
46,2,100,https://population.un.org/dataportalapi/api/v1/locations/?pageNumber=1&pageSize=100,https://population.un.org/dataportalapi/api/v1/locations/?pageNumber=3&pageSize=100,3,298,"{'id': 535, 'name': 'Bonaire, Sint Eustatius and Saba', 'iso3': 'BES', 'iso2': 'BQ', 'longitude': -68.23853302001953, 'latitude': 12.17836093902588}",535,"Bonaire, Sint Eustatius and Saba",BES,BQ,-68.23853302001953,12.17836093902588
47,2,100,https://population.un.org/dataportalapi/api/v1/locations/?pageNumber=1&pageSize=100,https://population.un.org/dataportalapi/api/v1/locations/?pageNumber=3&pageSize=100,3,298,"{'id': 540, 'name': 'New Caledonia', 'iso3': 'NCL', 'iso2': 'NC', 'longitude': 165.6180419921875, 'latitude': -20.90430450439453}",540,New Caledonia,NCL,NC,165.6180419921875,-20.90430450439453
48,2,100,https://population.un.org/dataportalapi/api/v1/locations/?pageNumber=1&pageSize=100,https://population.un.org/dataportalapi/api/v1/locations/?pageNumber=3&pageSize=100,3,298,"{'id': 548, 'name': 'Vanuatu', 'iso3': 'VUT', 'iso2': 'VU', 'longitude': 166.9591522216797, 'latitude': -15.376706123352053}",548,Vanuatu,VUT,VU,166.9591522216797,-15.376706123352053
49,2,100,https://population.un.org/dataportalapi/api/v1/locations/?pageNumber=1&pageSize=100,https://population.un.org/dataportalapi/api/v1/locations/?pageNumber=3&pageSize=100,3,298,"{'id': 554, 'name': 'New Zealand', 'iso3': 'NZL', 'iso2': 'NZ', 'longitude': 174.88597106933594, 'latitude': -40.90055847167969}",554,New Zealand,NZL,NZ,174.88597106933594,-40.90055847167969
50,2,100,https://population.un.org/dataportalapi/api/v1/locations/?pageNumber=1&pageSize=100,https://population.un.org/dataportalapi/api/v1/locations/?pageNumber=3&pageSize=100,3,298,"{'id': 558, 'name': 'Nicaragua', 'iso3': 'NIC', 'iso2': 'NI', 'longitude': -85.20722961425781, 'latitude': 12.865415573120115}",558,Nicaragua,NIC,NI,-85.20722961425781,12.865415573120115
51,2,100,https://population.un.org/dataportalapi/api/v1/locations/?pageNumber=1&pageSize=100,https://population.un.org/dataportalapi/api/v1/locations/?pageNumber=3&pageSize=100,3,298,"{'id': 562, 'name': 'Niger', 'iso3': 'NER', 'iso2': 'NE', 'longitude': 8.081665992736816, 'latitude': 17.6077880859375}",562,Niger,NER,NE,8.081665992736816,17.6077880859375
52,2,100,https://population.un.org/dataportalapi/api/v1/locations/?pageNumber=1&pageSize=100,https://population.un.org/dataportalapi/api/v1/locations/?pageNumber=3&pageSize=100,3,298,"{'id': 566, 'name': 'Nigeria', 'iso3': 'NGA', 'iso2': 'NG', 'longitude': 8.675276756286621, 'latitude': 9.081998825073242}",566,Nigeria,NGA,NG,8.675276756286621,9.081998825073242
53,2,100,https://population.un.org/dataportalapi/api/v1/locations/?pageNumber=1&pageSize=100,https://population.un.org/dataportalapi/api/v1/locations/?pageNumber=3&pageSize=100,3,298,"{'id': 570, 'name': 'Niue', 'iso3': 'NIU', 'iso2': 'NU', 'longitude': -169.8672332763672, 'latitude': -19.054445266723633}",570,Niue,NIU,NU,-169.8672332763672,-19.054445266723633
54,2,100,https://population.un.org/dataportalapi/api/v1/locations/?pageNumber=1&pageSize=100,https://population.un.org/dataportalapi/api/v1/locations/?pageNumber=3&pageSize=100,3,298,"{'id': 578, 'name': 'Norway', 'iso3': 'NOR', 'iso2': 'NO', 'longitude': 8.46894645690918, 'latitude': 60.472023010253906}",578,Norway,NOR,NO,8.46894645690918,60.472023010253906
55,2,100,https://population.un.org/dataportalapi/api/v1/locations/?pageNumber=1&pageSize=100,https://population.un.org/dataportalapi/api/v1/locations/?pageNumber=3&pageSize=100,3,298,"{'id': 580, 'name': 'Northern Mariana Islands', 'iso3': 'MNP', 'iso2': 'MP', 'longitude': 145.6739044189453, 'latitude': 15.097900390625}",580,Northern Mariana Islands,MNP,MP,145.6739044189453,15.097900390625
56,2,100,https://population.un.org/dataportalapi/api/v1/locations/?pageNumber=1&pageSize=100,https://population.un.org/dataportalapi/api/v1/locations/?pageNumber=3&pageSize=100,3,298,"{'id': 583, 'name': 'Micronesia (Fed. States of)', 'iso3': 'FSM', 'iso2': 'FM', 'longitude': 158.21507263183594, 'latitude': 6.887481212615967}",583,Micronesia (Fed. States of),FSM,FM,158.21507263183594,6.887481212615967
57,2,100,https://population.un.org/dataportalapi/api/v1/locations/?pageNumber=1&pageSize=100,https://population.un.org/dataportalapi/api/v1/locations/?pageNumber=3&pageSize=100,3,298,"{'id': 584, 'name': 'Marshall Islands', 'iso3': 'MHL', 'iso2': 'MH', 'longitude': 171.9893798828125, 'latitude': 6.068301677703857}",584,Marshall Islands,MHL,MH,171.9893798828125,6.068301677703857
58,2,100,https://population.un.org/dataportalapi/api/v1/locations/?pageNumber=1&pageSize=100,https://population.un.org/dataportalapi/api/v1/locations/?pageNumber=3&pageSize=100,3,298,"{'id': 585, 'name': 'Palau', 'iso3': 'PLW', 'iso2': 'PW', 'longitude': 134.58251953125, 'latitude': 7.51497983932495}",585,Palau,PLW,PW,134.58251953125,7.51497983932495
59,2,100,https://population.un.org/dataportalapi/api/v1/locations/?pageNumber=1&pageSize=100,https://population.un.org/dataportalapi/api/v1/locations/?pageNumber=3&pageSize=100,3,298,"{'id': 586, 'name': 'Pakistan', 'iso3': 'PAK', 'iso2': 'PK', 'longitude': 69.3451156616211, 'latitude': 30.375320434570312}",586,Pakistan,PAK,PK,69.3451156616211,30.375320434570312
60,2,100,https://population.un.org/dataportalapi/api/v1/locations/?pageNumber=1&pageSize=100,https://population.un.org/dataportalapi/api/v1/locations/?pageNumber=3&pageSize=100,3,298,"{'id': 591, 'name': 'Panama', 'iso3': 'PAN', 'iso2': 'PA', 'longitude': -80.7821273803711, 'latitude': 8.537981033325195}",591,Panama,PAN,PA,-80.7821273803711,8.537981033325195
61,2,100,https://population.un.org/dataportalapi/api/v1/locations/?pageNumber=1&pageSize=100,https://population.un.org/dataportalapi/api/v1/locations/?pageNumber=3&pageSize=100,3,298,"{'id': 598, 'name': 'Papua New Guinea', 'iso3': 'PNG', 'iso2': 'PG', 'longitude': 143.95555114746094, 'latitude': -6.314992904663086}",598,Papua New Guinea,PNG,PG,143.95555114746094,-6.314992904663086
62,2,100,https://population.un.org/dataportalapi/api/v1/locations/?pageNumber=1&pageSize=100,https://population.un.org/dataportalapi/api/v1/locations/?pageNumber=3&pageSize=100,3,298,"{'id': 600, 'name': 'Paraguay', 'iso3': 'PRY', 'iso2': 'PY', 'longitude': -58.44383239746094, 'latitude': -23.442502975463867}",600,Paraguay,PRY,PY,-58.44383239746094,-23.442502975463867
63,2,100,https://population.un.org/dataportalapi/api/v1/locations/?pageNumber=1&pageSize=100,https://population.un.org/dataportalapi/api/v1/locations/?pageNumber=3&pageSize=100,3,298,"{'id': 604, 'name': 'Peru', 'iso3': 'PER', 'iso2': 'PE', 'longitude': -75.01515197753906, 'latitude': -9.189967155456545}",604,Peru,PER,PE,-75.01515197753906,-9.189967155456545
64,2,100,https://population.un.org/dataportalapi/api/v1/locations/?pageNumber=1&pageSize=100,https://population.un.org/dataportalapi/api/v1/locations/?pageNumber=3&pageSize=100,3,298,"{'id': 608, 'name': 'Philippines', 'iso3': 'PHL', 'iso2': 'PH', 'longitude': 121.77401733398438, 'latitude': 12.879720687866213}",608,Philippines,PHL,PH,121.77401733398438,12.879720687866213
65,2,100,https://population.un.org/dataportalapi/api/v1/locations/?pageNumber=1&pageSize=100,https://population.un.org/dataportalapi/api/v1/locations/?pageNumber=3&pageSize=100,3,298,"{'id': 616, 'name': 'Poland', 'iso3': 'POL', 'iso2': 'PL', 'longitude': 19.1451358795166, 'latitude': 51.919437408447266}",616,Poland,POL,PL,19.1451358795166,51.919437408447266
66,2,100,https://population.un.org/dataportalapi/api/v1/locations/?pageNumber=1&pageSize=100,https://population.un.org/dataportalapi/api/v1/locations/?pageNumber=3&pageSize=100,3,298,"{'id': 620, 'name': 'Portugal', 'iso3': 'PRT', 'iso2': 'PT', 'longitude': -8.224453926086426, 'latitude': 39.399871826171875}",620,Portugal,PRT,PT,-8.224453926086426,39.399871826171875
67,2,100,https://population.un.org/dataportalapi/api/v1/locations/?pageNumber=1&pageSize=100,https://population.un.org/dataportalapi/api/v1/locations/?pageNumber=3&pageSize=100,3,298,"{'id': 624, 'name': 'Guinea-Bissau', 'iso3': 'GNB', 'iso2': 'GW', 'longitude': -15.180413246154783, 'latitude': 11.803749084472656}",624,Guinea-Bissau,GNB,GW,-15.180413246154783,11.803749084472656
68,2,100,https://population.un.org/dataportalapi/api/v1/locations/?pageNumber=1&pageSize=100,https://population.un.org/dataportalapi/api/v1/locations/?pageNumber=3&pageSize=100,3,298,"{'id': 626, 'name': 'Timor-Leste', 'iso3': 'TLS', 'iso2': 'TL', 'longitude': 125.7275390625, 'latitude': -8.87421703338623}",626,Timor-Leste,TLS,TL,125.7275390625,-8.87421703338623
69,2,100,https://population.un.org/dataportalapi/api/v1/locations/?pageNumber=1&pageSize=100,https://population.un.org/dataportalapi/api/v1/locations/?pageNumber=3&pageSize=100,3,298,"{'id': 630, 'name': 'Puerto Rico', 'iso3': 'PRI', 'iso2': 'PR', 'longitude': -66.47373, 'latitude': 18.22964}",630,Puerto Rico,PRI,PR,-66.47373,18.22964
70,2,100,https://population.un.org/dataportalapi/api/v1/locations/?pageNumber=1&pageSize=100,https://population.un.org/dataportalapi/api/v1/locations/?pageNumber=3&pageSize=100,3,298,"{'id': 634, 'name': 'Qatar', 'iso3': 'QAT', 'iso2': 'QA', 'longitude': 51.183883666992195, 'latitude': 25.354825973510746}",634,Qatar,QAT,QA,51.183883666992195,25.354825973510746
71,2,100,https://population.un.org/dataportalapi/api/v1/locations/?pageNumber=1&pageSize=100,https://population.un.org/dataportalapi/api/v1/locations/?pageNumber=3&pageSize=100,3,298,"{'id': 638, 'name': 'Réunion', 'iso3': 'REU', 'iso2': 'RE', 'longitude': 55.53638458251953, 'latitude': -21.115140914916992}",638,Réunion,REU,RE,55.53638458251953,-21.115140914916992
72,2,100,https://population.un.org/dataportalapi/api/v1/locations/?pageNumber=1&pageSize=100,https://population.un.org/dataportalapi/api/v1/locations/?pageNumber=3&pageSize=100,3,298,"{'id': 642, 'name': 'Romania', 'iso3': 'ROU', 'iso2': 'RO', 'longitude': 24.966760635375977, 'latitude': 45.943161010742195}",642,Romania,ROU,RO,24.966760635375977,45.943161010742195
73,2,100,https://population.un.org/dataportalapi/api/v1/locations/?pageNumber=1&pageSize=100,https://population.un.org/dataportalapi/api/v1/locations/?pageNumber=3&pageSize=100,3,298,"{'id': 643, 'name': 'Russian Federation', 'iso3': 'RUS', 'iso2': 'RU', 'longitude': 105.31875610351564, 'latitude': 61.52400970458984}",643,Russian Federation,RUS,RU,105.31875610351564,61.52400970458984
74,2,100,https://population.un.org/dataportalapi/api/v1/locations/?pageNumber=1&pageSize=100,https://population.un.org/dataportalapi/api/v1/locations/?pageNumber=3&pageSize=100,3,298,"{'id': 646, 'name': 'Rwanda', 'iso3': 'RWA', 'iso2': 'RW', 'longitude': 29.87388801574707, 'latitude': -1.9402780532836912}",646,Rwanda,RWA,RW,29.87388801574707,-1.9402780532836912
75,2,100,https://population.un.org/dataportalapi/api/v1/locations/?pageNumber=1&pageSize=100,https://population.un.org/dataportalapi/api/v1/locations/?pageNumber=3&pageSize=100,3,298,"{'id': 652, 'name': 'Saint Barthélemy', 'iso3': 'BLM', 'iso2': 'BL', 'longitude': None, 'latitude': None}",652,Saint Barthélemy,BLM,BL,,
76,2,100,https://population.un.org/dataportalapi/api/v1/locations/?pageNumber=1&pageSize=100,https://population.un.org/dataportalapi/api/v1/locations/?pageNumber=3&pageSize=100,3,298,"{'id': 654, 'name': 'Saint Helena', 'iso3': 'SHN', 'iso2': 'SH', 'longitude': -5.711528301239014, 'latitude': -15.96560001373291}",654,Saint Helena,SHN,SH,-5.711528301239014,-15.96560001373291
77,2,100,https://population.un.org/dataportalapi/api/v1/locations/?pageNumber=1&pageSize=100,https://population.un.org/dataportalapi/api/v1/locations/?pageNumber=3&pageSize=100,3,298,"{'id': 659, 'name': 'Saint Kitts and Nevis', 'iso3': 'KNA', 'iso2': 'KN', 'longitude': -62.782997131347656, 'latitude': 17.35782241821289}",659,Saint Kitts and Nevis,KNA,KN,-62.782997131347656,17.35782241821289
78,2,100,https://population.un.org/dataportalapi/api/v1/locations/?pageNumber=1&pageSize=100,https://population.un.org/dataportalapi/api/v1/locations/?pageNumber=3&pageSize=100,3,298,"{'id': 660, 'name': 'Anguilla', 'iso3': 'AIA', 'iso2': 'AI', 'longitude': -63.0686149597168, 'latitude': 18.22055435180664}",660,Anguilla,AIA,AI,-63.0686149597168,18.22055435180664
79,2,100,https://population.un.org/dataportalapi/api/v1/locations/?pageNumber=1&pageSize=100,https://population.un.org/dataportalapi/api/v1/locations/?pageNumber=3&pageSize=100,3,298,"{'id': 662, 'name': 'Saint Lucia', 'iso3': 'LCA', 'iso2': 'LC', 'longitude': -60.96665, 'latitude': 13.9066}",662,Saint Lucia,LCA,LC,-60.96665,13.9066
80,2,100,https://population.un.org/dataportalapi/api/v1/locations/?pageNumber=1&pageSize=100,https://population.un.org/dataportalapi/api/v1/locations/?pageNumber=3&pageSize=100,3,298,"{'id': 663, 'name': 'Saint Martin (French part)', 'iso3': 'MAF', 'iso2': 'MF', 'longitude': None, 'latitude': None}",663,Saint Martin (French part),MAF,MF,,
81,2,100,https://population.un.org/dataportalapi/api/v1/locations/?pageNumber=1&pageSize=100,https://population.un.org/dataportalapi/api/v1/locations/?pageNumber=3&pageSize=100,3,298,"{'id': 666, 'name': 'Saint Pierre and Miquelon', 'iso3': 'SPM', 'iso2': 'PM', 'longitude': -56.31589889526367, 'latitude': 46.88520050048828}",666,Saint Pierre and Miquelon,SPM,PM,-56.31589889526367,46.88520050048828
82,2,100,https://population.un.org/dataportalapi/api/v1/locations/?pageNumber=1&pageSize=100,https://population.un.org/dataportalapi/api/v1/locations/?pageNumber=3&pageSize=100,3,298,"{'id': 670, 'name': 'Saint Vincent and the Grenadines', 'iso3': 'VCT', 'iso2': 'VC', 'longitude': -61.19134, 'latitude': 13.24775}",670,Saint Vincent and the Grenadines,VCT,VC,-61.19134,13.24775
83,2,100,https://population.un.org/dataportalapi/api/v1/locations/?pageNumber=1&pageSize=100,https://population.un.org/dataportalapi/api/v1/locations/?pageNumber=3&pageSize=100,3,298,"{'id': 674, 'name': 'San Marino', 'iso3': 'SMR', 'iso2': 'SM', 'longitude': 12.45777702331543, 'latitude': 43.942359924316406}",674,San Marino,SMR,SM,12.45777702331543,43.942359924316406
84,2,100,https://population.un.org/dataportalapi/api/v1/locations/?pageNumber=1&pageSize=100,https://population.un.org/dataportalapi/api/v1/locations/?pageNumber=3&pageSize=100,3,298,"{'id': 678, 'name': 'Sao Tome and Principe', 'iso3': 'STP', 'iso2': 'ST', 'longitude': 6.613080978393555, 'latitude': 0.18636000156402588}",678,Sao Tome and Principe,STP,ST,6.613080978393555,0.18636000156402588
85,2,100,https://population.un.org/dataportalapi/api/v1/locations/?pageNumber=1&pageSize=100,https://population.un.org/dataportalapi/api/v1/locations/?pageNumber=3&pageSize=100,3,298,"{'id': 682, 'name': 'Saudi Arabia', 'iso3': 'SAU', 'iso2': 'SA', 'longitude': 45.07916259765625, 'latitude': 23.885942459106445}",682,Saudi Arabia,SAU,SA,45.07916259765625,23.885942459106445
86,2,100,https://population.un.org/dataportalapi/api/v1/locations/?pageNumber=1&pageSize=100,https://population.un.org/dataportalapi/api/v1/locations/?pageNumber=3&pageSize=100,3,298,"{'id': 686, 'name': 'Senegal', 'iso3': 'SEN', 'iso2': 'SN', 'longitude': -14.452362060546877, 'latitude': 14.497401237487791}",686,Senegal,SEN,SN,-14.452362060546877,14.497401237487791
87,2,100,https://population.un.org/dataportalapi/api/v1/locations/?pageNumber=1&pageSize=100,https://population.un.org/dataportalapi/api/v1/locations/?pageNumber=3&pageSize=100,3,298,"{'id': 688, 'name': 'Serbia', 'iso3': 'SRB', 'iso2': 'RS', 'longitude': 21.005859375, 'latitude': 44.01652145385742}",688,Serbia,SRB,RS,21.005859375,44.01652145385742
88,2,100,https://population.un.org/dataportalapi/api/v1/locations/?pageNumber=1&pageSize=100,https://population.un.org/dataportalapi/api/v1/locations/?pageNumber=3&pageSize=100,3,298,"{'id': 690, 'name': 'Seychelles', 'iso3': 'SYC', 'iso2': 'SC', 'longitude': 55.49197769165039, 'latitude': -4.679574012756348}",690,Seychelles,SYC,SC,55.49197769165039,-4.679574012756348
89,2,100,https://population.un.org/dataportalapi/api/v1/locations/?pageNumber=1&pageSize=100,https://population.un.org/dataportalapi/api/v1/locations/?pageNumber=3&pageSize=100,3,298,"{'id': 694, 'name': 'Sierra Leone', 'iso3': 'SLE', 'iso2': 'SL', 'longitude': -11.779889106750488, 'latitude': 8.460555076599121}",694,Sierra Leone,SLE,SL,-11.779889106750488,8.460555076599121
90,2,100,https://population.un.org/dataportalapi/api/v1/locations/?pageNumber=1&pageSize=100,https://population.un.org/dataportalapi/api/v1/locations/?pageNumber=3&pageSize=100,3,298,"{'id': 702, 'name': 'Singapore', 'iso3': 'SGP', 'iso2': 'SG', 'longitude': 103.81983947753906, 'latitude': 1.3520829677581787}",702,Singapore,SGP,SG,103.81983947753906,1.3520829677581787
91,2,100,https://population.un.org/dataportalapi/api/v1/locations/?pageNumber=1&pageSize=100,https://population.un.org/dataportalapi/api/v1/locations/?pageNumber=3&pageSize=100,3,298,"{'id': 703, 'name': 'Slovakia', 'iso3': 'SVK', 'iso2': 'SK', 'longitude': 19.699024200439453, 'latitude': 48.66902542114258}",703,Slovakia,SVK,SK,19.699024200439453,48.66902542114258
92,2,100,https://population.un.org/dataportalapi/api/v1/locations/?pageNumber=1&pageSize=100,https://population.un.org/dataportalapi/api/v1/locations/?pageNumber=3&pageSize=100,3,298,"{'id': 704, 'name': 'Viet Nam', 'iso3': 'VNM', 'iso2': 'VN', 'longitude': 108.27719879150392, 'latitude': 14.058323860168455}",704,Viet Nam,VNM,VN,108.27719879150392,14.058323860168455
93,2,100,https://population.un.org/dataportalapi/api/v1/locations/?pageNumber=1&pageSize=100,https://population.un.org/dataportalapi/api/v1/locations/?pageNumber=3&pageSize=100,3,298,"{'id': 705, 'name': 'Slovenia', 'iso3': 'SVN', 'iso2': 'SI', 'longitude': 14.995463371276855, 'latitude': 46.151241302490234}",705,Slovenia,SVN,SI,14.995463371276855,46.151241302490234
94,2,100,https://population.un.org/dataportalapi/api/v1/locations/?pageNumber=1&pageSize=100,https://population.un.org/dataportalapi/api/v1/locations/?pageNumber=3&pageSize=100,3,298,"{'id': 706, 'name': 'Somalia', 'iso3': 'SOM', 'iso2': 'SO', 'longitude': 46.199615478515625, 'latitude': 5.152149200439453}",706,Somalia,SOM,SO,46.199615478515625,5.152149200439453
95,2,100,https://population.un.org/dataportalapi/api/v1/locations/?pageNumber=1&pageSize=100,https://population.un.org/dataportalapi/api/v1/locations/?pageNumber=3&pageSize=100,3,298,"{'id': 710, 'name': 'South Africa', 'iso3': 'ZAF', 'iso2': 'ZA', 'longitude': 22.9375057220459, 'latitude': -30.55948257446289}",710,South Africa,ZAF,ZA,22.9375057220459,-30.55948257446289
96,2,100,https://population.un.org/dataportalapi/api/v1/locations/?pageNumber=1&pageSize=100,https://population.un.org/dataportalapi/api/v1/locations/?pageNumber=3&pageSize=100,3,298,"{'id': 716, 'name': 'Zimbabwe', 'iso3': 'ZWE', 'iso2': 'ZW', 'longitude': 29.154857635498047, 'latitude': -19.015438079833984}",716,Zimbabwe,ZWE,ZW,29.154857635498047,-19.015438079833984
97,2,100,https://population.un.org/dataportalapi/api/v1/locations/?pageNumber=1&pageSize=100,https://population.un.org/dataportalapi/api/v1/locations/?pageNumber=3&pageSize=100,3,298,"{'id': 724, 'name': 'Spain', 'iso3': 'ESP', 'iso2': 'ES', 'longitude': -3.74921989440918, 'latitude': 40.463668823242195}",724,Spain,ESP,ES,-3.74921989440918,40.463668823242195
98,2,100,https://population.un.org/dataportalapi/api/v1/locations/?pageNumber=1&pageSize=100,https://population.un.org/dataportalapi/api/v1/locations/?pageNumber=3&pageSize=100,3,298,"{'id': 728, 'name': 'South Sudan', 'iso3': 'SSD', 'iso2': 'SS', 'longitude': 31.306978225708008, 'latitude': 6.8769917488098145}",728,South Sudan,SSD,SS,31.306978225708008,6.8769917488098145
99,2,100,https://population.un.org/dataportalapi/api/v1/locations/?pageNumber=1&pageSize=100,https://population.un.org/dataportalapi/api/v1/locations/?pageNumber=3&pageSize=100,3,298,"{'id': 729, 'name': 'Sudan', 'iso3': 'SDN', 'iso2': 'SD', 'longitude': 30.21763610839844, 'latitude': 12.862807273864746}",729,Sudan,SDN,SD,30.21763610839844,12.862807273864746
